CONTRACT_REF_NO,NAME,CONTACT
CN1,It,4199791090
CN2,Stronghold,1845848992
CN3,Ronstring,1564083628
CN4,Holdlamis,3686075959
CN5,Tempsoft,3545031836
CN6,Andalax,2113348616
CN7,Voltsillam,2339945036
CN8,It,8145549729
CN9,Namfix,5657748858
CN10,Stim,2938528696
CN11,Span,8541609970
CN12,Subin,3098254414
CN13,Zaam-Dox,5455717629
CN14,Bamity,6186769974
CN15,Fix San,1081616697
CN16,Subin,5219811725
CN17,Stim,8794376106
CN18,Keylex,2907238441
CN19,Ventosanzap,4449014774
CN20,Kanlam,2679213842
CN21,Zoolab,9818542498
CN22,Keylex,6694392710
CN23,Tresom,7101274250
CN24,Overhold,4406451953
CN25,Cardguard,2808827855
CN26,Holdlamis,2455440382
CN27,Andalax,8577847577
CN28,Pannier,1577858548
CN29,Home Ing,8013672991
CN30,Hatity,7206443398
CN31,Overhold,4394074168
CN32,Mat Lam Tam,2031249403
CN33,Subin,3128450128
CN34,Hatity,1391323662
CN35,Kanlam,8553345153
CN36,Asoka,9366819263
CN37,Sonsing,2463765077
CN38,Greenlam,6948971803
CN39,Zamit,8856929849
CN40,Flowdesk,5982735067
CN41,Bitchip,7786094324
CN42,Alphazap,2219719518
CN43,Bitwolf,9892937340
CN44,Tres-Zap,2984140067
CN45,Zoolab,8475592715
CN46,Y-Solowarm,5412794453
CN47,Zaam-Dox,7793494269
CN48,Alpha,4007291969
CN49,Namfix,2961718649
CN50,Zontrax,8685024557
CN51,Sonair,3975221724
CN52,Cookley,4627869798
CN53,Toughjoyfax,2587441066
CN54,Lotlux,3059514724
CN55,Fix San,8028364656
CN56,Keylex,2297355259
CN57,Bytecard,8965320974
CN58,Otcom,5226166235
CN59,Pannier,2317255458
CN60,Bitchip,4195409594
CN61,Bytecard,5515790240
CN62,Mat Lam Tam,1068009211
CN63,Daltfresh,4138238543
CN64,Bitwolf,7174650147
CN65,Toughjoyfax,1963239145
CN66,Cardify,3765794623
CN67,Zontrax,5509200809
CN68,It,9324873661
CN69,Domainer,8769910201
CN70,Redhold,5143997831
CN71,Stronghold,9234241982
CN72,Tampflex,2468640501
CN73,Transcof,7869252070
CN74,Tin,6789317018
CN75,Job,5107500973
CN76,Viva,5073454799
CN77,Lotlux,1925656469
CN78,Holdlamis,7657692152
CN79,Flexidy,8761727491
CN80,Stim,4271868214
CN81,Bytecard,7842537431
CN82,Sub-Ex,6511728015
CN83,Y-find,9194996297
CN84,Treeflex,6333202725
CN85,Pannier,1295868137
CN86,Keylex,5146703486
CN87,Andalax,3665319871
CN88,Ventosanzap,4471647394
CN89,Y-find,4213136988
CN90,Matsoft,3421931849
CN91,Regrant,7927737632
CN92,Mat Lam Tam,4173790359
CN93,Hatity,9382833503
CN94,Tin,6936202538
CN95,Alphazap,5665482859
CN96,Voltsillam,4697909907
CN97,Sonair,6084351780
CN98,Cardguard,7589564561
CN99,Alpha,7194689858
CN100,Prodder,2434130227
